key,url,open
core_dynamics_cirrus_lx_2026,https://infinityrising.com/store/core-dynamics-cirrus-lx-2026,true
season_of_shadows_plague_doctor,https://infinityrising.com/store/season-of-shadows-plague-doctor,true
season_of_shadows_classic_witch_hat,https://infinityrising.com/store/season-of-shadows-classic-witch-hat,true
season_of_shadow_watcher_pack,https://infinityrising.com/store/season-of-shadow-watcher-pack,true
season_of_shadow_gremlin_pilot_cap,https://infinityrising.com/store/season-of-shadow-gremlin-pilot-cap,true
season_of_shadows_neon_witch_hat,https://infinityrising.com/store/season-of-shadows-neon-witch-hat,true
season_of_shadows_bone_guardian,https://infinityrising.com/store/season-of-shadows-bone-guardian,true
season_of_shadows_glow_shroom_hat,https://infinityrising.com/store/season-of-shadows;-glow-shroom-hat,true
black_vector_research_xr_7b_1991,https://infinityrising.com/store/black-vector-research-xr-7b-1991,true
cyber_industrial_building_kit,https://infinityrising.com/store/cyber-industrial-building-kit,true
core_dynamics_hoss_08_helmet,https://infinityrising.com/store/core-dynamics-hoss-08-helmet,true
core_dynamics_hoss_08_heavy_armor,https://infinityrising.com/store/core-dynamics-hoss-08-heavy-armor,true
core_dynamics_hoss_08_boots,https://infinityrising.com/store/core-dynamics-hoss-08-boots,true
core_dynamics_mars_9,https://infinityrising.com/store/core-dynamics-mars-9,true
jett_industries_elita_ai_drone_companion,https://infinityrising.com/store/jett-industries-elita-ai-drone-companion,true
jett_industries_aeron_ai_drone_companion,https://infinityrising.com/store/jett-industries-aeron-ai-drone-companion,true
kazekura_kiko_drone_companion,https://infinityrising.com/store/kazekura-kiko-drone-companion,true
raven_x_c07_helmet,https://infinityrising.com/store/raven-x-c07-helmet,true
raven_x_c07_suit,https://infinityrising.com/store/raven-x-c07-suit,true
raven_x_c07_shoes,https://infinityrising.com/store/raven-x-c07-shoes,true
fall_harvest_apt_building_kit,https://infinityrising.com/store/fall-harvest-apartment-building-kit,true
superverse_komaru_defense_tiger_m9_s_common,https://infinityrising.com/store/superverse-komaru-defense-tiger-m9-s-common,true
regiment_cargo_jet_elite,https://infinityrising.com/store/regiment-cargo-jet-elite,true
shuck_gun,https://infinityrising.com/store/shuck-gun,true
quantum_corn,https://infinityrising.com/store/quantum-corn,true
modern_log_cabin_apt_building_kit,https://infinityrising.com/store/modern-log-cabin-apartment-building-kit,true
hub_city_apartment,https://infinityrising.com/store/hub-city-apartment,false
blackhorn_tactical_overlander,https://infinityrising.com/store/blackhorn-tactical-overlander,false
asuna_armoury_mordred_mk_ii,https://infinityrising.com/store/asuna-armoury-mordred-mk-ii,false
komaru_defense_tiger_m9,https://infinityrising.com/store/komaru-defense-tiger-m9,false
women_s_pixel_nation_nightbyte_headphones,https://infinityrising.com/store/womens-pixel-nation-nightbyte-headphones,false
women_s_pixel_nation_nightbyte_outfit,https://infinityrising.com/store/womens-pixel-nation-nightbyte-outfit,false
women_s_pixel_nation_nightbyte_shoes,https://infinityrising.com/store/womens-pixel-nation-nightbyte-shoes,false
rando_s_metalworks_meat_grinder,https://infinityrising.com/store/randos-metalworks-meat-grinder,false
file_node_access_key_base,https://infinityrising.com/store/file-node-access-key-base,false
file_node_access_key_cardano,https://infinityrising.com/store/file-node-access-key,false
core_dynamics_spaceworx,https://infinityrising.com/store/pathfinder-bundle,true
gti_canyon_2026,https://infinityrising.com/store/pathfinder-bundle,true
revolt_underground_outfit,https://infinityrising.com/store/revolt-underground-bundle,true
revolt_renegade_goggles,https://infinityrising.com/store/revolt-renegade-bundle,true
revolt_renegade_the_dissident,https://infinityrising.com/store/revolt-renegade-bundle,true
revolt_underground_shoes,https://infinityrising.com/store/revolt-underground-bundle,true
revolt_renegade_shoes,https://infinityrising.com/store/revolt-renegade-bundle,true
revolt_renegade_outfit,https://infinityrising.com/store/revolt-renegade-bundle,true
revolt_underground_ras_9,https://infinityrising.com/store/revolt-underground-bundle,true
revolt_underground_hood,https://infinityrising.com/store/revolt-underground-bundle,true
revolt_underground_rigger_s_revolt,https://infinityrising.com/store/revolt-underground-bundle,true
revolt_renegade_rebel_s_rucksack,https://infinityrising.com/store/revolt-renegade-bundle,true
rando_s_metalwork_clanker_ai_drone_companion,https://infinityrising.com/store/ai-drone-companions-founder's-bundle,true
revolt_renegade_rebel_s_reach,https://infinityrising.com/store/revolt-renegade-bundle,true
rando_s_metalworks_the_instigator,https://infinityrising.com/store/revolt-underground-bundle,true
bubblejett_aeroracer,https://infinityrising.com/store/founders-bundle,true
bubblejett_jetmaster_1000,https://infinityrising.com/store/founders-bundle,true
bubblejett_stratolifter,https://infinityrising.com/store/founders-bundle,true
copias_land_plot,https://infinityrising.com/store/founders-bundle,true
core_dynamics_af_88c_drongo_1974,https://infinityrising.com/store/operators-bundle,true
core_dynamics_super_scout,https://infinityrising.com/store/founders-bundle,true
infinity_rising_apartment_key,https://infinityrising.com/store/pathfinder-bundle,true
infinity_rising_apartment_key_x_2,https://infinityrising.com/store/operators-bundle,true
infinity_rising_epic_land_plot,https://infinityrising.com/store/operators-bundle,true
kazekura_blade_hoverbike,https://infinityrising.com/store/founders-bundle,true
lee_c_sar_556,https://infinityrising.com/store/operators-bundle,true
men_s_core_dynamics_mopp_01_elite_boots,https://infinityrising.com/store/operators-bundle,true
men_s_core_dynamics_mopp_01_elite_helmet,https://infinityrising.com/store/operators-bundle,true
men_s_core_dynamics_mopp_01_elite_outfit,https://infinityrising.com/store/operators-bundle,true
men_s_core_dynamics_mopp_01_elite,https://infinityrising.com/store/pathfinder-bundle,true
randos_bassrunner_backpack,https://infinityrising.com/store/founders-bundle,true
two_apartment_keys,https://infinityrising.com/store/founders-bundle,true
women_s_core_dynamics_mopp_01_elite_boots,https://infinityrising.com/store/operators-bundle,true
women_s_core_dynamics_mopp_01_elite_helmet,https://infinityrising.com/store/operators-bundle,true
women_s_core_dynamics_mopp_01_elite_outfit,https://infinityrising.com/store/operators-bundle,true
women_s_core_dynamics_mopp_01_elite,https://infinityrising.com/store/pathfinder-bundle,true
rando_s_metalworks_cloud_barge,https://infinityrising.com/store/operators-bundle,true
rando_s_metalworks_h2_loadrunner,https://infinityrising.com/store/operators-bundle,true
rando_s_metalworks_rugged_m_pack,https://infinityrising.com/store/operators-bundle,true
rando_s_metalworks_thrust_commander,https://infinityrising.com/store/operators-bundle,true
serious_headgear_air_superiority_beanie,https://infinityrising.com/store/serious-headgear-bundle,true
serious_headgear_the_mafia_guild_s_fedora,https://infinityrising.com/store/serious-headgear-bundle,true
serious_headgear_the_knights_guild_s_helm,https://infinityrising.com/store/serious-headgear-bundle,true
serious_headgear_the_last_slice,https://infinityrising.com/store/serious-headgear-bundle,true
serious_headgear_unicorn_assault_hood,https://infinityrising.com/store/serious-headgear-bundle,true
serious_headgear_the_quack_tactical,https://infinityrising.com/store/serious-headgear-bundle,true
serious_headgear_kitchen_ops_mk_ii,https://infinityrising.com/store/serious-headgear-bundle,true
serious_headgear_high_visibility_tactical_cone,https://infinityrising.com/store/serious-headgear-bundle,true
serious_headgear_the_enlightened_one,https://infinityrising.com/store/serious-headgear-bundle,true
serious_headgear_thinking_outside_the_box,https://infinityrising.com/store/serious-headgear-bundle,true
serious_headgear_land_shark,https://infinityrising.com/store/serious-headgear-bundle,true
serious_headgear_the_clogfather,https://infinityrising.com/store/serious-headgear-bundle,true
bubblejett_prima_1938,https://infinityrising.com/store/founders-bundle,true
core_dynamics_meridian_c7_2026,https://infinityrising.com/store/pathfinder-bundle,true
gti_vesper_1999,https://infinityrising.com/store/pathfinder-bundle,true
core_dynamics_cdx_9_blackline,https://infinityrising.com/store/pathfinder-bundle,true
